timestamp,__name__,container,endpoint,instance,job,namespace,node,pod,service,value,id,image,metrics_path,name,deployment
1616968327.402,kube_pod_container_resource_requests_memory_bytes,alertmanager,http,10.1.63.54:8080,kube-state-metrics,default,docker-desktop,alertmanager-prometheus-kube-prometheus-alertmanager-0,prometheus-kube-state-metrics,209715200,,,,,
1616968357.402,kube_pod_container_resource_requests_memory_bytes,alertmanager,http,10.1.63.54:8080,kube-state-metrics,default,docker-desktop,alertmanager-prometheus-kube-prometheus-alertmanager-0,prometheus-kube-state-metrics,209715200,,,,,
1616968327.402,kube_pod_container_resource_requests_memory_bytes,config-reloader,http,10.1.63.54:8080,kube-state-metrics,default,docker-desktop,alertmanager-prometheus-kube-prometheus-alertmanager-0,prometheus-kube-state-metrics,52428800,,,,,
1616968357.402,kube_pod_container_resource_requests_memory_bytes,config-reloader,http,10.1.63.54:8080,kube-state-metrics,default,docker-desktop,alertmanager-prometheus-kube-prometheus-alertmanager-0,prometheus-kube-state-metrics,52428800,,,,,
1616968327.402,kube_pod_container_resource_requests_memory_bytes,config-reloader,http,10.1.63.54:8080,kube-state-metrics,default,docker-desktop,prometheus-prometheus-kube-prometheus-prometheus-0,prometheus-kube-state-metrics,52428800,,,,,
1616968357.402,kube_pod_container_resource_requests_memory_bytes,config-reloader,http,10.1.63.54:8080,kube-state-metrics,default,docker-desktop,prometheus-prometheus-kube-prometheus-prometheus-0,prometheus-kube-state-metrics,52428800,,,,,
1616968327.402,kube_pod_container_resource_requests_memory_bytes,coredns,http,10.1.63.54:8080,kube-state-metrics,kube-system,docker-desktop,coredns-f9fd979d6-4b2l5,prometheus-kube-state-metrics,73400320,,,,,
1616968357.402,kube_pod_container_resource_requests_memory_bytes,coredns,http,10.1.63.54:8080,kube-state-metrics,kube-system,docker-desktop,coredns-f9fd979d6-4b2l5,prometheus-kube-state-metrics,73400320,,,,,
1616968327.402,kube_pod_container_resource_requests_memory_bytes,coredns,http,10.1.63.54:8080,kube-state-metrics,kube-system,docker-desktop,coredns-f9fd979d6-gsfph,prometheus-kube-state-metrics,73400320,,,,,
1616968357.402,kube_pod_container_resource_requests_memory_bytes,coredns,http,10.1.63.54:8080,kube-state-metrics,kube-system,docker-desktop,coredns-f9fd979d6-gsfph,prometheus-kube-state-metrics,73400320,,,,,
1616968327.402,kube_pod_container_resource_requests_memory_bytes,teastore-webui,http,10.1.63.54:8080,kube-state-metrics,teastore,docker-desktop,teastore-webui-7c7746d7c7-4mzg8,prometheus-kube-state-metrics,419430400,,,,,
1616968357.402,kube_pod_container_resource_requests_memory_bytes,teastore-webui,http,10.1.63.54:8080,kube-state-metrics,teastore,docker-desktop,teastore-webui-7c7746d7c7-4mzg8,prometheus-kube-state-metrics,419430400,,,,,
1616968327.402,kube_pod_container_resource_requests_memory_bytes,teastore-webui,http,10.1.63.54:8080,kube-state-metrics,teastore,docker-desktop,teastore-webui-7c7746d7c7-8bpx5,prometheus-kube-state-metrics,419430400,,,,,
1616968357.402,kube_pod_container_resource_requests_memory_bytes,teastore-webui,http,10.1.63.54:8080,kube-state-metrics,teastore,docker-desktop,teastore-webui-7c7746d7c7-8bpx5,prometheus-kube-state-metrics,419430400,,,,,
1616968327.402,kube_pod_container_resource_requests_memory_bytes,teastore-webui,http,10.1.63.54:8080,kube-state-metrics,teastore,docker-desktop,teastore-webui-7c7746d7c7-czwmm,prometheus-kube-state-metrics,419430400,,,,,
1616968357.402,kube_pod_container_resource_requests_memory_bytes,teastore-webui,http,10.1.63.54:8080,kube-state-metrics,teastore,docker-desktop,teastore-webui-7c7746d7c7-czwmm,prometheus-kube-state-metrics,419430400,,,,,
1616968327.402,kube_pod_container_resource_requests_memory_bytes,teastore-webui,http,10.1.63.54:8080,kube-state-metrics,teastore,docker-desktop,teastore-webui-7c7746d7c7-f24zs,prometheus-kube-state-metrics,419430400,,,,,
1616968357.402,kube_pod_container_resource_requests_memory_bytes,teastore-webui,http,10.1.63.54:8080,kube-state-metrics,teastore,docker-desktop,teastore-webui-7c7746d7c7-f24zs,prometheus-kube-state-metrics,419430400,,,,,
1616968327.402,kube_pod_container_resource_requests_memory_bytes,teastore-webui,http,10.1.63.54:8080,kube-state-metrics,teastore,docker-desktop,teastore-webui-7c7746d7c7-ssjjk,prometheus-kube-state-metrics,419430400,,,,,
1616968357.402,kube_pod_container_resource_requests_memory_bytes,teastore-webui,http,10.1.63.54:8080,kube-state-metrics,teastore,docker-desktop,teastore-webui-7c7746d7c7-ssjjk,prometheus-kube-state-metrics,419430400,,,,,
1616968327.402,kube_pod_container_resource_limits_memory_bytes,config-reloader,http,10.1.63.54:8080,kube-state-metrics,default,docker-desktop,alertmanager-prometheus-kube-prometheus-alertmanager-0,prometheus-kube-state-metrics,52428800,,,,,
1616968357.402,kube_pod_container_resource_limits_memory_bytes,config-reloader,http,10.1.63.54:8080,kube-state-metrics,default,docker-desktop,alertmanager-prometheus-kube-prometheus-alertmanager-0,prometheus-kube-state-metrics,52428800,,,,,
1616968327.402,kube_pod_container_resource_limits_memory_bytes,config-reloader,http,10.1.63.54:8080,kube-state-metrics,default,docker-desktop,prometheus-prometheus-kube-prometheus-prometheus-0,prometheus-kube-state-metrics,52428800,,,,,
1616968357.402,kube_pod_container_resource_limits_memory_bytes,config-reloader,http,10.1.63.54:8080,kube-state-metrics,default,docker-desktop,prometheus-prometheus-kube-prometheus-prometheus-0,prometheus-kube-state-metrics,52428800,,,,,
1616968327.402,kube_pod_container_resource_limits_memory_bytes,coredns,http,10.1.63.54:8080,kube-state-metrics,kube-system,docker-desktop,coredns-f9fd979d6-4b2l5,prometheus-kube-state-metrics,178257920,,,,,
1616968357.402,kube_pod_container_resource_limits_memory_bytes,coredns,http,10.1.63.54:8080,kube-state-metrics,kube-system,docker-desktop,coredns-f9fd979d6-4b2l5,prometheus-kube-state-metrics,178257920,,,,,
1616968327.402,kube_pod_container_resource_limits_memory_bytes,coredns,http,10.1.63.54:8080,kube-state-metrics,kube-system,docker-desktop,coredns-f9fd979d6-gsfph,prometheus-kube-state-metrics,178257920,,,,,
1616968357.402,kube_pod_container_resource_limits_memory_bytes,coredns,http,10.1.63.54:8080,kube-state-metrics,kube-system,docker-desktop,coredns-f9fd979d6-gsfph,prometheus-kube-state-metrics,178257920,,,,,
1616968327.402,kube_pod_container_resource_limits_memory_bytes,teastore-webui,http,10.1.63.54:8080,kube-state-metrics,teastore,docker-desktop,teastore-webui-7c7746d7c7-4mzg8,prometheus-kube-state-metrics,576716800,,,,,
1616968357.402,kube_pod_container_resource_limits_memory_bytes,teastore-webui,http,10.1.63.54:8080,kube-state-metrics,teastore,docker-desktop,teastore-webui-7c7746d7c7-4mzg8,prometheus-kube-state-metrics,576716800,,,,,
1616968327.402,kube_pod_container_resource_limits_memory_bytes,teastore-webui,http,10.1.63.54:8080,kube-state-metrics,teastore,docker-desktop,teastore-webui-7c7746d7c7-8bpx5,prometheus-kube-state-metrics,576716800,,,,,
1616968357.402,kube_pod_container_resource_limits_memory_bytes,teastore-webui,http,10.1.63.54:8080,kube-state-metrics,teastore,docker-desktop,teastore-webui-7c7746d7c7-8bpx5,prometheus-kube-state-metrics,576716800,,,,,
1616968327.402,kube_pod_container_resource_limits_memory_bytes,teastore-webui,http,10.1.63.54:8080,kube-state-metrics,teastore,docker-desktop,teastore-webui-7c7746d7c7-czwmm,prometheus-kube-state-metrics,576716800,,,,,
1616968357.402,kube_pod_container_resource_limits_memory_bytes,teastore-webui,http,10.1.63.54:8080,kube-state-metrics,teastore,docker-desktop,teastore-webui-7c7746d7c7-czwmm,prometheus-kube-state-metrics,576716800,,,,,
1616968327.402,kube_pod_container_resource_limits_memory_bytes,teastore-webui,http,10.1.63.54:8080,kube-state-metrics,teastore,docker-desktop,teastore-webui-7c7746d7c7-f24zs,prometheus-kube-state-metrics,576716800,,,,,
1616968357.402,kube_pod_container_resource_limits_memory_bytes,teastore-webui,http,10.1.63.54:8080,kube-state-metrics,teastore,docker-desktop,teastore-webui-7c7746d7c7-f24zs,prometheus-kube-state-metrics,576716800,,,,,
1616968327.402,kube_pod_container_resource_limits_memory_bytes,teastore-webui,http,10.1.63.54:8080,kube-state-metrics,teastore,docker-desktop,teastore-webui-7c7746d7c7-ssjjk,prometheus-kube-state-metrics,576716800,,,,,
1616968357.402,kube_pod_container_resource_limits_memory_bytes,teastore-webui,http,10.1.63.54:8080,kube-state-metrics,teastore,docker-desktop,teastore-webui-7c7746d7c7-ssjjk,prometheus-kube-state-metrics,576716800,,,,,
1616968327.402,kube_pod_container_resource_limits_cpu_cores,config-reloader,http,10.1.63.54:8080,kube-state-metrics,default,docker-desktop,alertmanager-prometheus-kube-prometheus-alertmanager-0,prometheus-kube-state-metrics,0.1,,,,,
1616968357.402,kube_pod_container_resource_limits_cpu_cores,config-reloader,http,10.1.63.54:8080,kube-state-metrics,default,docker-desktop,alertmanager-prometheus-kube-prometheus-alertmanager-0,prometheus-kube-state-metrics,0.1,,,,,
1616968327.402,kube_pod_container_resource_limits_cpu_cores,config-reloader,http,10.1.63.54:8080,kube-state-metrics,default,docker-desktop,prometheus-prometheus-kube-prometheus-prometheus-0,prometheus-kube-state-metrics,0.1,,,,,
1616968357.402,kube_pod_container_resource_limits_cpu_cores,config-reloader,http,10.1.63.54:8080,kube-state-metrics,default,docker-desktop,prometheus-prometheus-kube-prometheus-prometheus-0,prometheus-kube-state-metrics,0.1,,,,,
1616968327.402,kube_pod_container_resource_limits_cpu_cores,teastore-webui,http,10.1.63.54:8080,kube-state-metrics,teastore,docker-desktop,teastore-webui-7c7746d7c7-4mzg8,prometheus-kube-state-metrics,0.35,,,,,
1616968357.402,kube_pod_container_resource_limits_cpu_cores,teastore-webui,http,10.1.63.54:8080,kube-state-metrics,teastore,docker-desktop,teastore-webui-7c7746d7c7-4mzg8,prometheus-kube-state-metrics,0.35,,,,,
1616968327.402,kube_pod_container_resource_limits_cpu_cores,teastore-webui,http,10.1.63.54:8080,kube-state-metrics,teastore,docker-desktop,teastore-webui-7c7746d7c7-8bpx5,prometheus-kube-state-metrics,0.35,,,,,
1616968357.402,kube_pod_container_resource_limits_cpu_cores,teastore-webui,http,10.1.63.54:8080,kube-state-metrics,teastore,docker-desktop,teastore-webui-7c7746d7c7-8bpx5,prometheus-kube-state-metrics,0.35,,,,,
1616968327.402,kube_pod_container_resource_limits_cpu_cores,teastore-webui,http,10.1.63.54:8080,kube-state-metrics,teastore,docker-desktop,teastore-webui-7c7746d7c7-czwmm,prometheus-kube-state-metrics,0.35,,,,,
1616968357.402,kube_pod_container_resource_limits_cpu_cores,teastore-webui,http,10.1.63.54:8080,kube-state-metrics,teastore,docker-desktop,teastore-webui-7c7746d7c7-czwmm,prometheus-kube-state-metrics,0.35,,,,,
1616968327.402,kube_pod_container_resource_limits_cpu_cores,teastore-webui,http,10.1.63.54:8080,kube-state-metrics,teastore,docker-desktop,teastore-webui-7c7746d7c7-f24zs,prometheus-kube-state-metrics,0.35,,,,,
1616968357.402,kube_pod_container_resource_limits_cpu_cores,teastore-webui,http,10.1.63.54:8080,kube-state-metrics,teastore,docker-desktop,teastore-webui-7c7746d7c7-f24zs,prometheus-kube-state-metrics,0.35,,,,,
1616968327.402,kube_pod_container_resource_limits_cpu_cores,teastore-webui,http,10.1.63.54:8080,kube-state-metrics,teastore,docker-desktop,teastore-webui-7c7746d7c7-ssjjk,prometheus-kube-state-metrics,0.35,,,,,
1616968357.402,kube_pod_container_resource_limits_cpu_cores,teastore-webui,http,10.1.63.54:8080,kube-state-metrics,teastore,docker-desktop,teastore-webui-7c7746d7c7-ssjjk,prometheus-kube-state-metrics,0.35,,,,,
1616968327.402,kube_pod_container_resource_requests_cpu_cores,config-reloader,http,10.1.63.54:8080,kube-state-metrics,default,docker-desktop,alertmanager-prometheus-kube-prometheus-alertmanager-0,prometheus-kube-state-metrics,0.1,,,,,
1616968357.402,kube_pod_container_resource_requests_cpu_cores,config-reloader,http,10.1.63.54:8080,kube-state-metrics,default,docker-desktop,alertmanager-prometheus-kube-prometheus-alertmanager-0,prometheus-kube-state-metrics,0.1,,,,,
1616968327.402,kube_pod_container_resource_requests_cpu_cores,config-reloader,http,10.1.63.54:8080,kube-state-metrics,default,docker-desktop,prometheus-prometheus-kube-prometheus-prometheus-0,prometheus-kube-state-metrics,0.1,,,,,
1616968357.402,kube_pod_container_resource_requests_cpu_cores,config-reloader,http,10.1.63.54:8080,kube-state-metrics,default,docker-desktop,prometheus-prometheus-kube-prometheus-prometheus-0,prometheus-kube-state-metrics,0.1,,,,,
1616968327.402,kube_pod_container_resource_requests_cpu_cores,coredns,http,10.1.63.54:8080,kube-state-metrics,kube-system,docker-desktop,coredns-f9fd979d6-4b2l5,prometheus-kube-state-metrics,0.1,,,,,
1616968357.402,kube_pod_container_resource_requests_cpu_cores,coredns,http,10.1.63.54:8080,kube-state-metrics,kube-system,docker-desktop,coredns-f9fd979d6-4b2l5,prometheus-kube-state-metrics,0.1,,,,,
1616968327.402,kube_pod_container_resource_requests_cpu_cores,coredns,http,10.1.63.54:8080,kube-state-metrics,kube-system,docker-desktop,coredns-f9fd979d6-gsfph,prometheus-kube-state-metrics,0.1,,,,,
1616968357.402,kube_pod_container_resource_requests_cpu_cores,coredns,http,10.1.63.54:8080,kube-state-metrics,kube-system,docker-desktop,coredns-f9fd979d6-gsfph,prometheus-kube-state-metrics,0.1,,,,,
1616968327.402,kube_pod_container_resource_requests_cpu_cores,kube-apiserver,http,10.1.63.54:8080,kube-state-metrics,kube-system,docker-desktop,kube-apiserver-docker-desktop,prometheus-kube-state-metrics,0.25,,,,,
1616968357.402,kube_pod_container_resource_requests_cpu_cores,kube-apiserver,http,10.1.63.54:8080,kube-state-metrics,kube-system,docker-desktop,kube-apiserver-docker-desktop,prometheus-kube-state-metrics,0.25,,,,,
1616968327.402,kube_pod_container_resource_requests_cpu_cores,kube-controller-manager,http,10.1.63.54:8080,kube-state-metrics,kube-system,docker-desktop,kube-controller-manager-docker-desktop,prometheus-kube-state-metrics,0.2,,,,,
1616968357.402,kube_pod_container_resource_requests_cpu_cores,kube-controller-manager,http,10.1.63.54:8080,kube-state-metrics,kube-system,docker-desktop,kube-controller-manager-docker-desktop,prometheus-kube-state-metrics,0.2,,,,,
1616968327.402,kube_pod_container_resource_requests_cpu_cores,kube-scheduler,http,10.1.63.54:8080,kube-state-metrics,kube-system,docker-desktop,kube-scheduler-docker-desktop,prometheus-kube-state-metrics,0.1,,,,,
1616968357.402,kube_pod_container_resource_requests_cpu_cores,kube-scheduler,http,10.1.63.54:8080,kube-state-metrics,kube-system,docker-desktop,kube-scheduler-docker-desktop,prometheus-kube-state-metrics,0.1,,,,,
1616968327.402,kube_pod_container_resource_requests_cpu_cores,teastore-webui,http,10.1.63.54:8080,kube-state-metrics,teastore,docker-desktop,teastore-webui-7c7746d7c7-4mzg8,prometheus-kube-state-metrics,0.3,,,,,
1616968357.402,kube_pod_container_resource_requests_cpu_cores,teastore-webui,http,10.1.63.54:8080,kube-state-metrics,teastore,docker-desktop,teastore-webui-7c7746d7c7-4mzg8,prometheus-kube-state-metrics,0.3,,,,,
1616968327.402,kube_pod_container_resource_requests_cpu_cores,teastore-webui,http,10.1.63.54:8080,kube-state-metrics,teastore,docker-desktop,teastore-webui-7c7746d7c7-8bpx5,prometheus-kube-state-metrics,0.3,,,,,
1616968357.402,kube_pod_container_resource_requests_cpu_cores,teastore-webui,http,10.1.63.54:8080,kube-state-metrics,teastore,docker-desktop,teastore-webui-7c7746d7c7-8bpx5,prometheus-kube-state-metrics,0.3,,,,,
1616968327.402,kube_pod_container_resource_requests_cpu_cores,teastore-webui,http,10.1.63.54:8080,kube-state-metrics,teastore,docker-desktop,teastore-webui-7c7746d7c7-czwmm,prometheus-kube-state-metrics,0.3,,,,,
1616968357.402,kube_pod_container_resource_requests_cpu_cores,teastore-webui,http,10.1.63.54:8080,kube-state-metrics,teastore,docker-desktop,teastore-webui-7c7746d7c7-czwmm,prometheus-kube-state-metrics,0.3,,,,,
1616968327.402,kube_pod_container_resource_requests_cpu_cores,teastore-webui,http,10.1.63.54:8080,kube-state-metrics,teastore,docker-desktop,teastore-webui-7c7746d7c7-f24zs,prometheus-kube-state-metrics,0.3,,,,,
1616968357.402,kube_pod_container_resource_requests_cpu_cores,teastore-webui,http,10.1.63.54:8080,kube-state-metrics,teastore,docker-desktop,teastore-webui-7c7746d7c7-f24zs,prometheus-kube-state-metrics,0.3,,,,,
1616968327.402,kube_pod_container_resource_requests_cpu_cores,teastore-webui,http,10.1.63.54:8080,kube-state-metrics,teastore,docker-desktop,teastore-webui-7c7746d7c7-ssjjk,prometheus-kube-state-metrics,0.3,,,,,
1616968357.402,kube_pod_container_resource_requests_cpu_cores,teastore-webui,http,10.1.63.54:8080,kube-state-metrics,teastore,docker-desktop,teastore-webui-7c7746d7c7-ssjjk,prometheus-kube-state-metrics,0.3,,,,,
1616968356.976,container_cpu_cfs_throttled_seconds_total,config-reloader,https-metrics,192.168.65.4:10250,kubelet,default,docker-desktop,prometheus-prometheus-kube-prometheus-prometheus-0,prometheus-kube-prometheus-kubelet,6.8574502,/kubepods/kubepods/burstable/pod2e96bfc4-3c10-4d82-8559-96ee02c50c31/0bdb593377802b6d15414f971311a02ca853a7673b2cde293c3841ee9d7ff93d,sha256:73bc771f8028b1accae9e696fb577750cc9ff09feea8a3a30b590d4a4c2766d2,/metrics/cadvisor,k8s_config-reloader_prometheus-prometheus-kube-prometheus-prometheus-0_default_2e96bfc4-3c10-4d82-8559-96ee02c50c31_30,
1616968345.422,container_cpu_cfs_throttled_seconds_total,config-reloader,https-metrics,192.168.65.4:10250,kubelet,default,docker-desktop,alertmanager-prometheus-kube-prometheus-alertmanager-0,prometheus-kube-prometheus-kubelet,0.5595833,/kubepods/kubepods/burstable/pod414fed11-6938-47e9-8069-d32074624822/5e18ffd9dc0aaed613367d1e9559975794685f72ab13052d2b1b773c1ada1c98,sha256:73bc771f8028b1accae9e696fb577750cc9ff09feea8a3a30b590d4a4c2766d2,/metrics/cadvisor,k8s_config-reloader_alertmanager-prometheus-kube-prometheus-alertmanager-0_default_414fed11-6938-47e9-8069-d32074624822_30,
1616968352.33,container_cpu_cfs_throttled_seconds_total,teastore-webui,https-metrics,192.168.65.4:10250,kubelet,teastore,docker-desktop,teastore-webui-7c7746d7c7-czwmm,prometheus-kube-prometheus-kubelet,143.6999369,/kubepods/kubepods/burstable/pod43a6c40d-ad1e-4e6a-9a83-becd5cef0113/4442a4c191d773de75e36d50e84918c881e417668a3b8d6ce59bb1f664e65cda,descartesresearch/teastore-webui@sha256:a22920057ef41fdd0936a970ac93b60c21e3237fc812de00318092d3bbc93ea5,/metrics/cadvisor,k8s_teastore-webui_teastore-webui-7c7746d7c7-czwmm_teastore_43a6c40d-ad1e-4e6a-9a83-becd5cef0113_0,
1616968346.512,container_cpu_cfs_throttled_seconds_total,teastore-webui,https-metrics,192.168.65.4:10250,kubelet,teastore,docker-desktop,teastore-webui-7c7746d7c7-4mzg8,prometheus-kube-prometheus-kubelet,131.8394266,/kubepods/kubepods/burstable/pod4ade7617-d9dc-44fa-8bb7-1627e9f3c008/ef43286b55ea5b4817da19f0e6d85256a9e11dd2e222a1e6934fea578d8672eb,descartesresearch/teastore-webui@sha256:a22920057ef41fdd0936a970ac93b60c21e3237fc812de00318092d3bbc93ea5,/metrics/cadvisor,k8s_teastore-webui_teastore-webui-7c7746d7c7-4mzg8_teastore_4ade7617-d9dc-44fa-8bb7-1627e9f3c008_0,
1616968353.084,container_cpu_cfs_throttled_seconds_total,teastore-webui,https-metrics,192.168.65.4:10250,kubelet,teastore,docker-desktop,teastore-webui-7c7746d7c7-f24zs,prometheus-kube-prometheus-kubelet,129.9199797,/kubepods/kubepods/burstable/pod855a447d-c37b-44b1-ab49-c793bee6358c/7d5c2626fab8b5f681f63bac36075c63fad03a9118672382950de4daec401cda,descartesresearch/teastore-webui@sha256:a22920057ef41fdd0936a970ac93b60c21e3237fc812de00318092d3bbc93ea5,/metrics/cadvisor,k8s_teastore-webui_teastore-webui-7c7746d7c7-f24zs_teastore_855a447d-c37b-44b1-ab49-c793bee6358c_0,
1616968350.274,container_cpu_cfs_throttled_seconds_total,teastore-webui,https-metrics,192.168.65.4:10250,kubelet,teastore,docker-desktop,teastore-webui-7c7746d7c7-8bpx5,prometheus-kube-prometheus-kubelet,143.8056931,/kubepods/kubepods/burstable/pod8e93106c-49e1-4991-a2ca-d5327f76074b/3f50c7c228fbdc54e8c095a62ed8d360efa4e0629e44f28bdaa80842bdf23790,descartesresearch/teastore-webui@sha256:a22920057ef41fdd0936a970ac93b60c21e3237fc812de00318092d3bbc93ea5,/metrics/cadvisor,k8s_teastore-webui_teastore-webui-7c7746d7c7-8bpx5_teastore_8e93106c-49e1-4991-a2ca-d5327f76074b_0,
1616968344.319,container_cpu_cfs_throttled_seconds_total,teastore-webui,https-metrics,192.168.65.4:10250,kubelet,teastore,docker-desktop,teastore-webui-7c7746d7c7-ssjjk,prometheus-kube-prometheus-kubelet,65.3227227,/kubepods/kubepods/burstable/poda3dd3a3e-8f48-4869-b4fd-fae393271b86/7b16fd6d5c83dfcb142a1407d4e299cf6588ab208ea1de3eb9dacfcbd1d61cc0,descartesresearch/teastore-webui@sha256:a22920057ef41fdd0936a970ac93b60c21e3237fc812de00318092d3bbc93ea5,/metrics/cadvisor,k8s_teastore-webui_teastore-webui-7c7746d7c7-ssjjk_teastore_a3dd3a3e-8f48-4869-b4fd-fae393271b86_0,
1616968327.402,kube_deployment_spec_replicas,kube-state-metrics,http,10.1.63.54:8080,kube-state-metrics,kube-system,,prometheus-kube-state-metrics-95d956569-9dl7x,prometheus-kube-state-metrics,2,,,,,coredns
1616968357.402,kube_deployment_spec_replicas,kube-state-metrics,http,10.1.63.54:8080,kube-state-metrics,kube-system,,prometheus-kube-state-metrics-95d956569-9dl7x,prometheus-kube-state-metrics,2,,,,,coredns
1616968327.402,kube_deployment_spec_replicas,kube-state-metrics,http,10.1.63.54:8080,kube-state-metrics,linkerd,,prometheus-kube-state-metrics-95d956569-9dl7x,prometheus-kube-state-metrics,1,,,,,linkerd-controller
1616968357.402,kube_deployment_spec_replicas,kube-state-metrics,http,10.1.63.54:8080,kube-state-metrics,linkerd,,prometheus-kube-state-metrics-95d956569-9dl7x,prometheus-kube-state-metrics,1,,,,,linkerd-controller
1616968327.402,kube_deployment_spec_replicas,kube-state-metrics,http,10.1.63.54:8080,kube-state-metrics,linkerd,,prometheus-kube-state-metrics-95d956569-9dl7x,prometheus-kube-state-metrics,1,,,,,linkerd-destination
1616968357.402,kube_deployment_spec_replicas,kube-state-metrics,http,10.1.63.54:8080,kube-state-metrics,linkerd,,prometheus-kube-state-metrics-95d956569-9dl7x,prometheus-kube-state-metrics,1,,,,,linkerd-destination
1616968327.402,kube_deployment_spec_replicas,kube-state-metrics,http,10.1.63.54:8080,kube-state-metrics,linkerd,,prometheus-kube-state-metrics-95d956569-9dl7x,prometheus-kube-state-metrics,1,,,,,linkerd-grafana
1616968357.402,kube_deployment_spec_replicas,kube-state-metrics,http,10.1.63.54:8080,kube-state-metrics,linkerd,,prometheus-kube-state-metrics-95d956569-9dl7x,prometheus-kube-state-metrics,1,,,,,linkerd-grafana
1616968327.402,kube_deployment_spec_replicas,kube-state-metrics,http,10.1.63.54:8080,kube-state-metrics,linkerd,,prometheus-kube-state-metrics-95d956569-9dl7x,prometheus-kube-state-metrics,1,,,,,linkerd-identity
1616968357.402,kube_deployment_spec_replicas,kube-state-metrics,http,10.1.63.54:8080,kube-state-metrics,linkerd,,prometheus-kube-state-metrics-95d956569-9dl7x,prometheus-kube-state-metrics,1,,,,,linkerd-identity
1616968327.402,kube_deployment_spec_replicas,kube-state-metrics,http,10.1.63.54:8080,kube-state-metrics,linkerd,,prometheus-kube-state-metrics-95d956569-9dl7x,prometheus-kube-state-metrics,1,,,,,linkerd-prometheus
1616968357.402,kube_deployment_spec_replicas,kube-state-metrics,http,10.1.63.54:8080,kube-state-metrics,linkerd,,prometheus-kube-state-metrics-95d956569-9dl7x,prometheus-kube-state-metrics,1,,,,,linkerd-prometheus
1616968327.402,kube_deployment_spec_replicas,kube-state-metrics,http,10.1.63.54:8080,kube-state-metrics,linkerd,,prometheus-kube-state-metrics-95d956569-9dl7x,prometheus-kube-state-metrics,1,,,,,linkerd-proxy-injector
1616968357.402,kube_deployment_spec_replicas,kube-state-metrics,http,10.1.63.54:8080,kube-state-metrics,linkerd,,prometheus-kube-state-metrics-95d956569-9dl7x,prometheus-kube-state-metrics,1,,,,,linkerd-proxy-injector
1616968327.402,kube_deployment_spec_replicas,kube-state-metrics,http,10.1.63.54:8080,kube-state-metrics,linkerd,,prometheus-kube-state-metrics-95d956569-9dl7x,prometheus-kube-state-metrics,1,,,,,linkerd-sp-validator
1616968357.402,kube_deployment_spec_replicas,kube-state-metrics,http,10.1.63.54:8080,kube-state-metrics,linkerd,,prometheus-kube-state-metrics-95d956569-9dl7x,prometheus-kube-state-metrics,1,,,,,linkerd-sp-validator
1616968327.402,kube_deployment_spec_replicas,kube-state-metrics,http,10.1.63.54:8080,kube-state-metrics,linkerd,,prometheus-kube-state-metrics-95d956569-9dl7x,prometheus-kube-state-metrics,1,,,,,linkerd-tap
1616968357.402,kube_deployment_spec_replicas,kube-state-metrics,http,10.1.63.54:8080,kube-state-metrics,linkerd,,prometheus-kube-state-metrics-95d956569-9dl7x,prometheus-kube-state-metrics,1,,,,,linkerd-tap
1616968327.402,kube_deployment_spec_replicas,kube-state-metrics,http,10.1.63.54:8080,kube-state-metrics,linkerd,,prometheus-kube-state-metrics-95d956569-9dl7x,prometheus-kube-state-metrics,1,,,,,linkerd-web
1616968357.402,kube_deployment_spec_replicas,kube-state-metrics,http,10.1.63.54:8080,kube-state-metrics,linkerd,,prometheus-kube-state-metrics-95d956569-9dl7x,prometheus-kube-state-metrics,1,,,,,linkerd-web
1616968327.402,kube_deployment_spec_replicas,kube-state-metrics,http,10.1.63.54:8080,kube-state-metrics,default,,prometheus-kube-state-metrics-95d956569-9dl7x,prometheus-kube-state-metrics,1,,,,,prometheus-grafana
1616968357.402,kube_deployment_spec_replicas,kube-state-metrics,http,10.1.63.54:8080,kube-state-metrics,default,,prometheus-kube-state-metrics-95d956569-9dl7x,prometheus-kube-state-metrics,1,,,,,prometheus-grafana
1616968327.402,kube_deployment_spec_replicas,kube-state-metrics,http,10.1.63.54:8080,kube-state-metrics,default,,prometheus-kube-state-metrics-95d956569-9dl7x,prometheus-kube-state-metrics,1,,,,,prometheus-kube-prometheus-operator
1616968357.402,kube_deployment_spec_replicas,kube-state-metrics,http,10.1.63.54:8080,kube-state-metrics,default,,prometheus-kube-state-metrics-95d956569-9dl7x,prometheus-kube-state-metrics,1,,,,,prometheus-kube-prometheus-operator
1616968327.402,kube_deployment_spec_replicas,kube-state-metrics,http,10.1.63.54:8080,kube-state-metrics,default,,prometheus-kube-state-metrics-95d956569-9dl7x,prometheus-kube-state-metrics,1,,,,,prometheus-kube-state-metrics
1616968357.402,kube_deployment_spec_replicas,kube-state-metrics,http,10.1.63.54:8080,kube-state-metrics,default,,prometheus-kube-state-metrics-95d956569-9dl7x,prometheus-kube-state-metrics,1,,,,,prometheus-kube-state-metrics
1616968327.402,kube_deployment_spec_replicas,kube-state-metrics,http,10.1.63.54:8080,kube-state-metrics,teastore,,prometheus-kube-state-metrics-95d956569-9dl7x,prometheus-kube-state-metrics,1,,,,,teastore-auth
1616968357.402,kube_deployment_spec_replicas,kube-state-metrics,http,10.1.63.54:8080,kube-state-metrics,teastore,,prometheus-kube-state-metrics-95d956569-9dl7x,prometheus-kube-state-metrics,1,,,,,teastore-auth
1616968327.402,kube_deployment_spec_replicas,kube-state-metrics,http,10.1.63.54:8080,kube-state-metrics,teastore,,prometheus-kube-state-metrics-95d956569-9dl7x,prometheus-kube-state-metrics,1,,,,,teastore-db
1616968357.402,kube_deployment_spec_replicas,kube-state-metrics,http,10.1.63.54:8080,kube-state-metrics,teastore,,prometheus-kube-state-metrics-95d956569-9dl7x,prometheus-kube-state-metrics,1,,,,,teastore-db
1616968327.402,kube_deployment_spec_replicas,kube-state-metrics,http,10.1.63.54:8080,kube-state-metrics,teastore,,prometheus-kube-state-metrics-95d956569-9dl7x,prometheus-kube-state-metrics,1,,,,,teastore-image
1616968357.402,kube_deployment_spec_replicas,kube-state-metrics,http,10.1.63.54:8080,kube-state-metrics,teastore,,prometheus-kube-state-metrics-95d956569-9dl7x,prometheus-kube-state-metrics,1,,,,,teastore-image
1616968327.402,kube_deployment_spec_replicas,kube-state-metrics,http,10.1.63.54:8080,kube-state-metrics,teastore,,prometheus-kube-state-metrics-95d956569-9dl7x,prometheus-kube-state-metrics,1,,,,,teastore-persistence
1616968357.402,kube_deployment_spec_replicas,kube-state-metrics,http,10.1.63.54:8080,kube-state-metrics,teastore,,prometheus-kube-state-metrics-95d956569-9dl7x,prometheus-kube-state-metrics,1,,,,,teastore-persistence
1616968327.402,kube_deployment_spec_replicas,kube-state-metrics,http,10.1.63.54:8080,kube-state-metrics,teastore,,prometheus-kube-state-metrics-95d956569-9dl7x,prometheus-kube-state-metrics,1,,,,,teastore-recommender
1616968357.402,kube_deployment_spec_replicas,kube-state-metrics,http,10.1.63.54:8080,kube-state-metrics,teastore,,prometheus-kube-state-metrics-95d956569-9dl7x,prometheus-kube-state-metrics,1,,,,,teastore-recommender
1616968327.402,kube_deployment_spec_replicas,kube-state-metrics,http,10.1.63.54:8080,kube-state-metrics,teastore,,prometheus-kube-state-metrics-95d956569-9dl7x,prometheus-kube-state-metrics,1,,,,,teastore-registry
1616968357.402,kube_deployment_spec_replicas,kube-state-metrics,http,10.1.63.54:8080,kube-state-metrics,teastore,,prometheus-kube-state-metrics-95d956569-9dl7x,prometheus-kube-state-metrics,1,,,,,teastore-registry
1616968327.402,kube_deployment_spec_replicas,kube-state-metrics,http,10.1.63.54:8080,kube-state-metrics,teastore,,prometheus-kube-state-metrics-95d956569-9dl7x,prometheus-kube-state-metrics,5,,,,,teastore-webui
1616968357.402,kube_deployment_spec_replicas,kube-state-metrics,http,10.1.63.54:8080,kube-state-metrics,teastore,,prometheus-kube-state-metrics-95d956569-9dl7x,prometheus-kube-state-metrics,5,,,,,teastore-webui
